BEGIN TRANSACTION;
CREATE TABLE "api_booking" ("id" integer NOT NULL PRIMARY KEY AUTOINCREMENT, "booking_date" date NOT NULL, "status" varchar(20) NOT NULL, "created_at" datetime NOT NULL, "customer_id" bigint NOT NULL REFERENCES "api_user" ("id") DEFERRABLE INITIALLY DEFERRED, "property_id" bigint NOT NULL REFERENCES "api_property" ("id") DEFERRABLE INITIALLY DEFERRED);
CREATE TABLE "api_contactrequest" ("id" integer NOT NULL PRIMARY KEY AUTOINCREMENT, "name" varchar(100) NOT NULL, "email" varchar(254) NOT NULL, "company" varchar(100) NOT NULL, "message" text NOT NULL, "created_at" datetime NOT NULL);
INSERT INTO "api_contactrequest" VALUES(2,'','','','','2026-05-31 17:27:26.444570');
INSERT INTO "api_contactrequest" VALUES(6,'Gourav Gowda','gouravgowda82k@gmail.com','pes','hii','2026-06-01 06:10:05.836815');
CREATE TABLE "api_property" ("id" integer NOT NULL PRIMARY KEY AUTOINCREMENT, "title" varchar(200) NOT NULL, "description" text NOT NULL, "property_type" varchar(20) NOT NULL, "price" decimal NOT NULL, "address" text NOT NULL, "city" varchar(100) NOT NULL, "state" varchar(100) NOT NULL, "bedrooms" integer NOT NULL, "bathrooms" integer NOT NULL, "area_sqft" integer NOT NULL, "image" varchar(100) NOT NULL, "is_available" bool NOT NULL, "created_at" datetime NOT NULL, "owner_id" bigint NOT NULL REFERENCES "api_user" ("id") DEFERRABLE INITIALLY DEFERRED);
INSERT INTO "api_property" VALUES(1,'Luxury Villa in Bandra West','A beautiful luxury villa with a private pool and sea view. Perfect for a family seeking comfort and elegance in Mumbai.','villa',45000000,'123 Carter Road, Bandra West','Mumbai','MH',5,6,6000,'properties/luxury_villa_in_bandra_west_6tFP7cZ.jpg',1,'2026-06-01 04:25:36.815395',1);
INSERT INTO "api_property" VALUES(2,'Modern Apartment in Indiranagar','Sleek, modern apartment located in the heart of the IT hub with breathtaking city views and premium amenities.','apartment',15000000,'456 100ft Road Apt 402','Bangalore','KA',2,2,1200,'properties/modern_apartment_in_indiranagar_Y3bvnlR.jpg',1,'2026-06-01 04:25:36.968026',1);
INSERT INTO "api_property" VALUES(3,'Cozy House in Salt Lake','A charming home in a quiet neighborhood, featuring a large backyard and newly renovated kitchen.','house',8500000,'789 Sector V','Kolkata','WB',3,2,1800,'properties/cozy_house_in_salt_lake_mOb1sLU.jpg',1,'2026-06-01 04:25:37.113101',1);
INSERT INTO "api_property" VALUES(4,'Commercial Office Space in Cyber City','Spacious and bright commercial space ideal for a tech startup or creative agency.','commercial',120000000,'101 DLF Cyber City','Gurugram','HR',0,4,4500,'properties/commercial_office_space_in_cyber_city_OLipelg.jpg',1,'2026-06-01 04:25:37.452984',1);
INSERT INTO "api_property" VALUES(5,'Beachfront Paradise Villa in Candolim','Wake up to the sound of waves in this stunning beachfront property with direct ocean access.','villa',65000000,'55 Beach Road, Candolim','Goa','GA',4,4,3500,'properties/beachfront_paradise_villa_in_candolim_lClSwPE.jpg',1,'2026-06-01 04:25:37.615330',1);
INSERT INTO "api_property" VALUES(6,'Rustic Mountain Cottage in Manali','A peaceful retreat nestled in the mountains. Features a stone fireplace and wrap-around deck.','house',35000000,'22 Mall Road','Manali','HP',3,2,2100,'properties/rustic_mountain_cottage_in_manali_L2fAodq.jpg',1,'2026-06-01 04:25:37.764405',1);
INSERT INTO "api_property" VALUES(7,'Premium Flat in Banjara Hills','An ultra-premium flat in one of Hyderabad''s most affluent neighborhoods, featuring imported marble and smart home automation.','apartment',25000000,'Road No. 12, Banjara Hills','Hyderabad','TG',4,4,3200,'',1,'2026-06-01 04:25:38.457843',1);
INSERT INTO "api_property" VALUES(8,'Heritage House in Pink City','A beautifully restored traditional house in Jaipur with intricate frescoes and a central courtyard.','house',18000000,'Bapu Bazaar, Civil Lines','Jaipur','RJ',4,3,2800,'properties/heritage_house_in_pink_city_xgSDBSN.jpg',1,'2026-06-01 04:25:38.737764',1);
INSERT INTO "api_property" VALUES(9,'Sea-Facing Penthouse in Marine Drive','An iconic sea-facing penthouse offering unparalleled views of the Queen''s Necklace.','apartment',85000000,'Netaji Subhash Chandra Bose Road','Mumbai','MH',4,5,4000,'properties/seafacing_penthouse_in_marine_drive_D8rwMaJ.jpg',1,'2026-06-01 04:25:38.935776',1);
INSERT INTO "api_property" VALUES(10,'Tech Park Office in Hitec City','A modern, fully furnished office space in the heart of Hyderabad''s IT corridor.','commercial',45000000,'Mindspace IT Park, Madhapur','Hyderabad','TG',0,2,2500,'properties/tech_park_office_in_hitec_city_tRlMZzO.jpg',1,'2026-06-01 04:25:39.089948',1);
INSERT INTO "api_property" VALUES(11,'Independent Villa in Koregaon Park','A spacious luxury villa with lush green surroundings in Pune''s most desirable locality.','villa',32000000,'North Main Road, Koregaon Park','Pune','MH',4,4,3500,'properties/independent_villa_in_koregaon_park_pasHFAQ.jpg',1,'2026-06-01 04:25:39.261196',1);
INSERT INTO "api_property" VALUES(12,'Studio Apartment in Viman Nagar','A trendy and compact studio apartment ideal for students and IT professionals.','apartment',4500000,'Symbiosis Road, Viman Nagar','Pune','MH',1,1,600,'properties/studio_apartment_in_viman_nagar_DuhKnjl.jpg',1,'2026-06-01 04:25:39.415971',1);
INSERT INTO "api_property" VALUES(13,'Grand Mansion in Vasant Vihar','A sprawling mansion featuring state-of-the-art security, servant quarters, and an expansive garden.','villa',150000000,'Vasant Vihar','New Delhi','DL',6,7,10000,'properties/grand_mansion_in_vasant_vihar_5tXmwQf.jpg',1,'2026-06-01 04:25:39.711087',1);
INSERT INTO "api_property" VALUES(14,'Lake View Apartment in Powai','Overlooking the Powai lake, this beautiful apartment offers serenity within the bustling city of Mumbai.','apartment',22000000,'Hiranandani Gardens, Powai','Mumbai','MH',3,3,1500,'properties/lake_view_apartment_in_powai_oXbecY1.jpg',1,'2026-06-01 04:25:39.851060',1);
INSERT INTO "api_property" VALUES(15,'Retail Shop in Connaught Place','Prime commercial retail space located in one of Delhi''s most iconic commercial hubs.','commercial',85000000,'Inner Circle, Connaught Place','New Delhi','DL',0,1,800,'properties/retail_shop_in_connaught_place_qA3XlOi.jpg',1,'2026-06-01 04:25:40.025738',1);
INSERT INTO "api_property" VALUES(16,'Luxury Condo in Whitefield','Modern condominium complex with club house, gym, and swimming pool in Bangalore''s IT hub.','apartment',11000000,'ITPB Main Road, Whitefield','Bangalore','KA',2,2,1150,'properties/luxury_condo_in_whitefield_zfmOax4.jpg',1,'2026-06-01 04:25:40.182968',1);
INSERT INTO "api_property" VALUES(17,'Spacious House in Anna Nagar','A massive independent house located in a peaceful residential street in Chennai.','house',45000000,'2nd Avenue, Anna Nagar','Chennai','TN',4,4,3600,'properties/spacious_house_in_anna_nagar_tsXF6N5.jpg',1,'2026-06-01 04:25:40.334512',1);
INSERT INTO "api_property" VALUES(18,'Duplex Apartment in Alwarpet','An elegant duplex apartment with a private terrace garden in a premium Chennai neighborhood.','apartment',38000000,'TTK Road, Alwarpet','Chennai','TN',3,4,2400,'properties/duplex_apartment_in_alwarpet_Im6S3Ro.jpg',1,'2026-06-01 04:25:40.480838',1);
INSERT INTO "api_property" VALUES(19,'Farmhouse in Chhatarpur','A sprawling farmhouse perfect for weekend getaways, featuring a large swimming pool and landscaped gardens.','villa',95000000,'Chhatarpur Farms','New Delhi','DL',5,6,8500,'',1,'2026-06-01 04:25:41.156029',1);
INSERT INTO "api_property" VALUES(20,'Co-working Space in Koramangala','Ready-to-move-in co-working space spanning two floors in the startup capital of India.','commercial',65000000,'80 Feet Road, Koramangala','Bangalore','KA',0,6,5000,'properties/coworking_space_in_koramangala_uApUDJY.jpg',1,'2026-06-01 04:25:41.309712',1);
INSERT INTO "api_property" VALUES(21,'Bungalow in Jubilee Hills','An architectural marvel located in Hyderabad''s most exclusive neighborhood, featuring a home theater and gym.','villa',180000000,'Road No. 36, Jubilee Hills','Hyderabad','TG',6,7,9000,'properties/bungalow_in_jubilee_hills_eZbHthY.jpg',1,'2026-06-01 04:25:41.460003',1);
INSERT INTO "api_property" VALUES(22,'Budget Flat in New Town','An affordable, well-ventilated apartment in a rapidly developing township.','apartment',3500000,'Action Area I, New Town','Kolkata','WB',2,1,850,'properties/budget_flat_in_new_town_Q3CeMJM.jpg',1,'2026-06-01 04:25:41.594174',1);
INSERT INTO "api_property" VALUES(23,'Riverside Home in SG Highway','A beautiful standalone home near the Sabarmati riverfront with excellent connectivity.','house',16000000,'SG Highway','Ahmedabad','GJ',3,3,2200,'properties/riverside_home_in_sg_highway_oOGqlWH.jpg',1,'2026-06-01 04:25:41.768231',1);
INSERT INTO "api_property" VALUES(24,'Luxury Apartment in Bodakdev','A high-rise luxury apartment with panoramic views of Ahmedabad city.','apartment',28000000,'Sindhu Bhavan Road, Bodakdev','Ahmedabad','GJ',4,4,2800,'',1,'2026-06-01 04:25:42.591132',1);
INSERT INTO "api_property" VALUES(25,'IT Park Space in Hinjewadi','Large commercial floor plate available in Pune''s biggest IT zone.','commercial',95000000,'Phase 1, Hinjewadi Rajiv Gandhi Infotech Park','Pune','MH',0,8,12000,'properties/it_park_space_in_hinjewadi_YGnhvam.jpg',1,'2026-06-01 04:25:42.760908',1);
INSERT INTO "api_property" VALUES(26,'Colonial House in Fort Kochi','A historic colonial-era house with antique wooden flooring and Portuguese architecture.','house',35000000,'Princess Street, Fort Kochi','Kochi','KL',4,3,3100,'properties/colonial_house_in_fort_kochi_qynrdIj.jpg',1,'2026-06-01 04:25:42.913920',1);
INSERT INTO "api_property" VALUES(27,'Waterfront Villa in Marine Drive','An exquisite villa overlooking the backwaters of Kochi.','villa',42000000,'Marine Drive','Kochi','KL',4,5,3800,'',1,'2026-06-01 04:25:43.657446',1);
INSERT INTO "api_property" VALUES(28,'Elegant Apartment in Gomti Nagar','A newly built, elegant apartment in Lucknow''s most planned residential area.','apartment',9500000,'Vibhuti Khand, Gomti Nagar','Lucknow','UP',3,2,1600,'properties/elegant_apartment_in_gomti_nagar_gqlMgA5.jpg',1,'2026-06-01 04:25:43.830822',1);
INSERT INTO "api_property" VALUES(29,'Sprawling Estate in Civil Lines','A traditional large estate offering immense privacy and classic charm.','house',55000000,'Civil Lines','Prayagraj','UP',5,4,5500,'properties/sprawling_estate_in_civil_lines_AqiPCWN.jpg',1,'2026-06-01 04:25:44.016407',1);
INSERT INTO "api_property" VALUES(30,'Showroom Space in Hazratganj','A high-visibility showroom space located in the bustling shopping district of Lucknow.','commercial',75000000,'Hazratganj Main Road','Lucknow','UP',0,2,3000,'properties/showroom_space_in_hazratganj_UzY0mXA.jpg',1,'2026-06-01 04:25:44.266434',1);
INSERT INTO "api_property" VALUES(31,'Modern Villa in Pal Bhawan','A smart-home enabled modern villa with a sleek facade and contemporary interiors.','villa',28000000,'Pal Road','Jodhpur','RJ',4,4,3000,'properties/modern_villa_in_pal_bhawan_kY3EeDs.jpg',1,'2026-06-01 04:25:44.444571',1);
INSERT INTO "api_property" VALUES(32,'Valley View Apartment in Dehradun','A serene apartment offering uninterrupted views of the Doon Valley and the Himalayas.','apartment',12000000,'Rajpur Road','Dehradun','UK',3,3,1750,'properties/valley_view_apartment_in_dehradun_NO4sjpx.jpg',1,'2026-06-01 04:25:44.603531',1);
INSERT INTO "api_property" VALUES(33,'Hillside Cottage in Mussoorie','A quaint hillside cottage perfect for a summer retreat, featuring wooden interiors and a fireplace.','house',18000000,'Camel''s Back Road','Mussoorie','UK',2,2,1400,'properties/hillside_cottage_in_mussoorie_2QkL9Ew.jpg',1,'2026-06-01 04:25:44.780546',1);
INSERT INTO "api_property" VALUES(34,'Premium Commercial Tower in OMR','A premium commercial office space in Chennai''s IT corridor.','commercial',250000000,'Old Mahabalipuram Road','Chennai','TN',0,10,25000,'properties/premium_commercial_tower_in_omr_lI5kx3w.jpg',1,'2026-06-01 04:25:44.932774',1);
INSERT INTO "api_property" VALUES(35,'Luxury Condominium in Sector 50','A beautiful condominium with all modern amenities in a highly sought-after sector in Noida.','apartment',16500000,'Sector 50','Noida','UP',3,3,1950,'properties/luxury_condominium_in_sector_50_7y5EOT6.jpg',1,'2026-06-01 04:25:45.120183',1);
INSERT INTO "api_property" VALUES(36,'Palatial House in Sadashivanagar','A magnificent house in one of Bangalore''s oldest and most prestigious neighborhoods.','house',85000000,'Sadashivanagar Main','Bangalore','KA',5,5,5200,'properties/palatial_house_in_sadashivanagar_vPFfCSQ.jpg',1,'2026-06-01 04:25:45.330836',1);
INSERT INTO "api_property" VALUES(37,'Sea-View Apartment in Besant Nagar','A breezy sea-view apartment steps away from Elliot''s Beach.','apartment',26000000,'Besant Nagar','Chennai','TN',3,3,1800,'properties/seaview_apartment_in_besant_nagar_hKUuRZT.jpg',1,'2026-06-01 04:25:45.461332',1);
INSERT INTO "api_property" VALUES(38,'Industrial Warehouse in Peenya','A massive industrial warehouse space located in one of Asia''s largest industrial areas.','commercial',55000000,'Peenya Industrial Area','Bangalore','KA',0,2,15000,'',1,'2026-06-01 04:25:46.205202',1);
INSERT INTO "api_property" VALUES(39,'Elegant Villa in ECR','An elegant, resort-style villa located on the scenic East Coast Road.','villa',65000000,'East Coast Road','Chennai','TN',4,5,4200,'properties/elegant_villa_in_ecr_v3NutiH.jpg',1,'2026-06-01 04:25:46.365470',1);
INSERT INTO "api_property" VALUES(40,'Posh Apartment in Golf Course Road','A luxury apartment situated on the prestigious Golf Course Road in Gurugram.','apartment',45000000,'DLF Phase 5, Golf Course Road','Gurugram','HR',4,4,3500,'',1,'2026-06-01 04:25:46.482890',1);
INSERT INTO "api_property" VALUES(41,'Boutique Hotel Property in Udaipur','A commercial property currently operating as a boutique heritage hotel near Lake Pichola.','commercial',120000000,'Chandpole, Near Lake Pichola','Udaipur','RJ',12,12,8000,'properties/boutique_hotel_property_in_udaipur_Acjm4Uv.jpg',1,'2026-06-01 04:25:46.634498',1);
INSERT INTO "api_property" VALUES(42,'Contemporary House in Jayanagar','A contemporary designed independent house located in a quiet block of Jayanagar.','house',38000000,'4th Block, Jayanagar','Bangalore','KA',4,3,2600,'properties/contemporary_house_in_jayanagar_icclELK.jpg',1,'2026-06-01 04:25:46.809813',1);
CREATE TABLE "api_user" ("id" integer NOT NULL PRIMARY KEY AUTOINCREMENT, "full_name" varchar(100) NOT NULL, "email" varchar(254) NOT NULL UNIQUE, "password" varchar(255) NOT NULL, "phone" varchar(15) NOT NULL, "role" varchar(20) NOT NULL, "created_at" datetime NOT NULL);
INSERT INTO "api_user" VALUES(1,'Rohan Sharma','rohan@demo.com','password123','9876543210','owner','2026-06-01 04:25:36.544690');
CREATE TABLE "auth_group" ("id" integer NOT NULL PRIMARY KEY AUTOINCREMENT, "name" varchar(150) NOT NULL UNIQUE);
CREATE TABLE "auth_group_permissions" ("id" integer NOT NULL PRIMARY KEY AUTOINCREMENT, "group_id" integer NOT NULL REFERENCES "auth_group" ("id") DEFERRABLE INITIALLY DEFERRED, "permission_id" integer NOT NULL REFERENCES "auth_permission" ("id") DEFERRABLE INITIALLY DEFERRED);
CREATE TABLE "auth_permission" ("id" integer NOT NULL PRIMARY KEY AUTOINCREMENT, "content_type_id" integer NOT NULL REFERENCES "django_content_type" ("id") DEFERRABLE INITIALLY DEFERRED, "codename" varchar(100) NOT NULL, "name" varchar(255) NOT NULL);
INSERT INTO "auth_permission" VALUES(1,1,'add_logentry','Can add log entry');
INSERT INTO "auth_permission" VALUES(2,1,'change_logentry','Can change log entry');
INSERT INTO "auth_permission" VALUES(3,1,'delete_logentry','Can delete log entry');
INSERT INTO "auth_permission" VALUES(4,1,'view_logentry','Can view log entry');
INSERT INTO "auth_permission" VALUES(5,2,'add_permission','Can add permission');
INSERT INTO "auth_permission" VALUES(6,2,'change_permission','Can change permission');
INSERT INTO "auth_permission" VALUES(7,2,'delete_permission','Can delete permission');
INSERT INTO "auth_permission" VALUES(8,2,'view_permission','Can view permission');
INSERT INTO "auth_permission" VALUES(9,3,'add_group','Can add group');
INSERT INTO "auth_permission" VALUES(10,3,'change_group','Can change group');
INSERT INTO "auth_permission" VALUES(11,3,'delete_group','Can delete group');
INSERT INTO "auth_permission" VALUES(12,3,'view_group','Can view group');
INSERT INTO "auth_permission" VALUES(13,4,'add_user','Can add user');
INSERT INTO "auth_permission" VALUES(14,4,'change_user','Can change user');
INSERT INTO "auth_permission" VALUES(15,4,'delete_user','Can delete user');
INSERT INTO "auth_permission" VALUES(16,4,'view_user','Can view user');
INSERT INTO "auth_permission" VALUES(17,5,'add_contenttype','Can add content type');
INSERT INTO "auth_permission" VALUES(18,5,'change_contenttype','Can change content type');
INSERT INTO "auth_permission" VALUES(19,5,'delete_contenttype','Can delete content type');
INSERT INTO "auth_permission" VALUES(20,5,'view_contenttype','Can view content type');
INSERT INTO "auth_permission" VALUES(21,6,'add_session','Can add session');
INSERT INTO "auth_permission" VALUES(22,6,'change_session','Can change session');
INSERT INTO "auth_permission" VALUES(23,6,'delete_session','Can delete session');
INSERT INTO "auth_permission" VALUES(24,6,'view_session','Can view session');
INSERT INTO "auth_permission" VALUES(25,7,'add_user','Can add user');
INSERT INTO "auth_permission" VALUES(26,7,'change_user','Can change user');
INSERT INTO "auth_permission" VALUES(27,7,'delete_user','Can delete user');
INSERT INTO "auth_permission" VALUES(28,7,'view_user','Can view user');
INSERT INTO "auth_permission" VALUES(29,8,'add_property','Can add property');
INSERT INTO "auth_permission" VALUES(30,8,'change_property','Can change property');
INSERT INTO "auth_permission" VALUES(31,8,'delete_property','Can delete property');
INSERT INTO "auth_permission" VALUES(32,8,'view_property','Can view property');
INSERT INTO "auth_permission" VALUES(33,9,'add_booking','Can add booking');
INSERT INTO "auth_permission" VALUES(34,9,'change_booking','Can change booking');
INSERT INTO "auth_permission" VALUES(35,9,'delete_booking','Can delete booking');
INSERT INTO "auth_permission" VALUES(36,9,'view_booking','Can view booking');
INSERT INTO "auth_permission" VALUES(37,10,'add_contactrequest','Can add contact request');
INSERT INTO "auth_permission" VALUES(38,10,'change_contactrequest','Can change contact request');
INSERT INTO "auth_permission" VALUES(39,10,'delete_contactrequest','Can delete contact request');
INSERT INTO "auth_permission" VALUES(40,10,'view_contactrequest','Can view contact request');
CREATE TABLE "auth_user" ("id" integer NOT NULL PRIMARY KEY AUTOINCREMENT, "password" varchar(128) NOT NULL, "last_login" datetime NULL, "is_superuser" bool NOT NULL, "username" varchar(150) NOT NULL UNIQUE, "last_name" varchar(150) NOT NULL, "email" varchar(254) NOT NULL, "is_staff" bool NOT NULL, "is_active" bool NOT NULL, "date_joined" datetime NOT NULL, "first_name" varchar(150) NOT NULL);
INSERT INTO "auth_user" VALUES(1,'pbkdf2_sha256$600000$HTyEo3KJlLI1paBeKo1jIH$XBco0337oHvpdSnqGLg4Yn9ibnalC2l2g6SFkqQG2sY=','2026-06-13 18:35:27.898789',1,'gouravgowda','','gouravgowda82k@gmail.com',1,1,'2026-05-31 05:20:38.479703','');
CREATE TABLE "auth_user_groups" ("id" integer NOT NULL PRIMARY KEY AUTOINCREMENT, "user_id" integer NOT NULL REFERENCES "auth_user" ("id") DEFERRABLE INITIALLY DEFERRED, "group_id" integer NOT NULL REFERENCES "auth_group" ("id") DEFERRABLE INITIALLY DEFERRED);
CREATE TABLE "auth_user_user_permissions" ("id" integer NOT NULL PRIMARY KEY AUTOINCREMENT, "user_id" integer NOT NULL REFERENCES "auth_user" ("id") DEFERRABLE INITIALLY DEFERRED, "permission_id" integer NOT NULL REFERENCES "auth_permission" ("id") DEFERRABLE INITIALLY DEFERRED);
CREATE TABLE "django_admin_log" ("id" integer NOT NULL PRIMARY KEY AUTOINCREMENT, "object_id" text NULL, "object_repr" varchar(200) NOT NULL, "action_flag" smallint unsigned NOT NULL CHECK ("action_flag" >= 0), "change_message" text NOT NULL, "content_type_id" integer NULL REFERENCES "django_content_type" ("id") DEFERRABLE INITIALLY DEFERRED, "user_id" integer NOT NULL REFERENCES "auth_user" ("id") DEFERRABLE INITIALLY DEFERRED, "action_time" datetime NOT NULL);
INSERT INTO "django_admin_log" VALUES(1,'5','Laksmi ',3,'',10,1,'2026-06-01 04:42:33.324823');
INSERT INTO "django_admin_log" VALUES(2,'4','Gourav Gowda',3,'',10,1,'2026-06-01 04:42:39.452294');
INSERT INTO "django_admin_log" VALUES(3,'3','Gourav Gowda',3,'',10,1,'2026-06-01 04:42:49.580643');
INSERT INTO "django_admin_log" VALUES(4,'1','John Doe',3,'',10,1,'2026-06-01 04:42:55.936245');
CREATE TABLE "django_content_type" ("id" integer NOT NULL PRIMARY KEY AUTOINCREMENT, "app_label" varchar(100) NOT NULL, "model" varchar(100) NOT NULL);
INSERT INTO "django_content_type" VALUES(1,'admin','logentry');
INSERT INTO "django_content_type" VALUES(2,'auth','permission');
INSERT INTO "django_content_type" VALUES(3,'auth','group');
INSERT INTO "django_content_type" VALUES(4,'auth','user');
INSERT INTO "django_content_type" VALUES(5,'contenttypes','contenttype');
INSERT INTO "django_content_type" VALUES(6,'sessions','session');
INSERT INTO "django_content_type" VALUES(7,'api','user');
INSERT INTO "django_content_type" VALUES(8,'api','property');
INSERT INTO "django_content_type" VALUES(9,'api','booking');
INSERT INTO "django_content_type" VALUES(10,'api','contactrequest');
CREATE TABLE "django_migrations" ("id" integer NOT NULL PRIMARY KEY AUTOINCREMENT, "app" varchar(255) NOT NULL, "name" varchar(255) NOT NULL, "applied" datetime NOT NULL);
INSERT INTO "django_migrations" VALUES(1,'contenttypes','0001_initial','2026-05-31 05:14:28.600275');
INSERT INTO "django_migrations" VALUES(2,'auth','0001_initial','2026-05-31 05:14:28.619222');
INSERT INTO "django_migrations" VALUES(3,'admin','0001_initial','2026-05-31 05:14:28.642269');
INSERT INTO "django_migrations" VALUES(4,'admin','0002_logentry_remove_auto_add','2026-05-31 05:14:28.658665');
INSERT INTO "django_migrations" VALUES(5,'admin','0003_logentry_add_action_flag_choices','2026-05-31 05:14:28.669066');
INSERT INTO "django_migrations" VALUES(6,'api','0001_initial','2026-05-31 05:14:28.693048');
INSERT INTO "django_migrations" VALUES(7,'api','0002_contactrequest','2026-05-31 05:14:28.706703');
INSERT INTO "django_migrations" VALUES(8,'contenttypes','0002_remove_content_type_name','2026-05-31 05:14:28.751432');
INSERT INTO "django_migrations" VALUES(9,'auth','0002_alter_permission_name_max_length','2026-05-31 05:14:28.780321');
INSERT INTO "django_migrations" VALUES(10,'auth','0003_alter_user_email_max_length','2026-05-31 05:14:28.813287');
INSERT INTO "django_migrations" VALUES(11,'auth','0004_alter_user_username_opts','2026-05-31 05:14:28.837936');
INSERT INTO "django_migrations" VALUES(12,'auth','0005_alter_user_last_login_null','2026-05-31 05:14:28.867979');
INSERT INTO "django_migrations" VALUES(13,'auth','0006_require_contenttypes_0002','2026-05-31 05:14:28.869002');
INSERT INTO "django_migrations" VALUES(14,'auth','0007_alter_validators_add_error_messages','2026-05-31 05:14:28.888756');
INSERT INTO "django_migrations" VALUES(15,'auth','0008_alter_user_username_max_length','2026-05-31 05:14:28.914030');
INSERT INTO "django_migrations" VALUES(16,'auth','0009_alter_user_last_name_max_length','2026-05-31 05:14:28.942159');
INSERT INTO "django_migrations" VALUES(17,'auth','0010_alter_group_name_max_length','2026-05-31 05:14:28.961704');
INSERT INTO "django_migrations" VALUES(18,'auth','0011_update_proxy_permissions','2026-05-31 05:14:28.984243');
INSERT INTO "django_migrations" VALUES(19,'auth','0012_alter_user_first_name_max_length','2026-05-31 05:14:29.011123');
INSERT INTO "django_migrations" VALUES(20,'sessions','0001_initial','2026-05-31 05:14:29.026921');
CREATE TABLE "django_session" ("session_key" varchar(40) NOT NULL PRIMARY KEY, "session_data" text NOT NULL, "expire_date" datetime NOT NULL);
INSERT INTO "django_session" VALUES('19i9cu0a0xgduw231vviovgs1t9eul44','.eJxVjMsOwiAQRf-FtSFQOjxcuvcbCMMMUjU0Ke3K-O_apAvd3nPOfYmYtrXGrfMSJxJnocXpd8OUH9x2QPfUbrPMc1uXCeWuyIN2eZ2Jn5fD_Tuoqddv7ax3qJQz2ZNlDoFH49ElBtQwGAi6gAW0HEbSXDIX4xUBAYPTPg_i_QHWOzfE:1wTYbe:CQxzGx2crE9dkQzwoBZN41Uso7eH20ziaH6f0LHzvmc','2026-06-14 05:21:02.146489');
INSERT INTO "django_session" VALUES('uh9nhdyeh3ptb5swgumdudnjenuw1vek','.eJxVjDsOwjAQRO_iGll28GdDSc8ZrLXXiwPIkeKkQtwdR0oBzRTz3sxbBNzWEraWlzCRuAgtTr9dxPTMdQf0wHqfZZrrukxR7oo8aJO3mfLrerh_BwVb6eshElrqaY2DNGbiniOgouw9ACfjgZmJ2SStktHD2TmIFjKid1qJzxcRizix:1wYTCZ:1SvkmexeFeLaLXuSV8BHVOeUh3gsaZEqAESIERwRE3s','2026-06-27 18:35:27.904174');
DELETE FROM "sqlite_sequence";
INSERT INTO "sqlite_sequence" VALUES('django_migrations',20);
INSERT INTO "sqlite_sequence" VALUES('django_admin_log',4);
INSERT INTO "sqlite_sequence" VALUES('django_content_type',10);
INSERT INTO "sqlite_sequence" VALUES('auth_permission',40);
INSERT INTO "sqlite_sequence" VALUES('auth_group',0);
INSERT INTO "sqlite_sequence" VALUES('auth_user',1);
INSERT INTO "sqlite_sequence" VALUES('api_contactrequest',6);
INSERT INTO "sqlite_sequence" VALUES('api_user',1);
INSERT INTO "sqlite_sequence" VALUES('api_property',42);
CREATE UNIQUE INDEX "auth_group_permissions_group_id_permission_id_0cd325b0_uniq" ON "auth_group_permissions" ("group_id", "permission_id");
CREATE INDEX "auth_group_permissions_group_id_b120cbf9" ON "auth_group_permissions" ("group_id");
CREATE INDEX "auth_group_permissions_permission_id_84c5c92e" ON "auth_group_permissions" ("permission_id");
CREATE UNIQUE INDEX "auth_user_groups_user_id_group_id_94350c0c_uniq" ON "auth_user_groups" ("user_id", "group_id");
CREATE INDEX "auth_user_groups_user_id_6a12ed8b" ON "auth_user_groups" ("user_id");
CREATE INDEX "auth_user_groups_group_id_97559544" ON "auth_user_groups" ("group_id");
CREATE UNIQUE INDEX "auth_user_user_permissions_user_id_permission_id_14a6b632_uniq" ON "auth_user_user_permissions" ("user_id", "permission_id");
CREATE INDEX "auth_user_user_permissions_user_id_a95ead1b" ON "auth_user_user_permissions" ("user_id");
CREATE INDEX "auth_user_user_permissions_permission_id_1fbb5f2c" ON "auth_user_user_permissions" ("permission_id");
CREATE INDEX "django_admin_log_content_type_id_c4bce8eb" ON "django_admin_log" ("content_type_id");
CREATE INDEX "django_admin_log_user_id_c564eba6" ON "django_admin_log" ("user_id");
CREATE INDEX "api_property_owner_id_2df50fc9" ON "api_property" ("owner_id");
CREATE INDEX "api_booking_customer_id_a1d988f7" ON "api_booking" ("customer_id");
CREATE INDEX "api_booking_property_id_e77b25f0" ON "api_booking" ("property_id");
CREATE UNIQUE INDEX "django_content_type_app_label_model_76bd3d3b_uniq" ON "django_content_type" ("app_label", "model");
CREATE UNIQUE INDEX "auth_permission_content_type_id_codename_01ab375a_uniq" ON "auth_permission" ("content_type_id", "codename");
CREATE INDEX "auth_permission_content_type_id_2f476e4b" ON "auth_permission" ("content_type_id");
CREATE INDEX "django_session_expire_date_a5c62663" ON "django_session" ("expire_date");
COMMIT;
